[{"fields": {"model": "logentry", "app_label": "admin"}, "model": "contenttypes.contenttype", "pk": 1}, {"fields": {"model": "permission", "app_label": "auth"}, "model": "contenttypes.contenttype", "pk": 2}, {"fields": {"model": "group", "app_label": "auth"}, "model": "contenttypes.contenttype", "pk": 3}, {"fields": {"model": "user", "app_label": "auth"}, "model": "contenttypes.contenttype", "pk": 4}, {"fields": {"model": "contenttype", "app_label": "contenttypes"}, "model": "contenttypes.contenttype", "pk": 5}, {"fields": {"model": "session", "app_label": "sessions"}, "model": "contenttypes.contenttype", "pk": 6}, {"fields": {"model": "bucketlist", "app_label": "bucketlist"}, "model": "contenttypes.contenttype", "pk": 7}, {"fields": {"model": "bucketlistitems", "app_label": "bucketlist"}, "model": "contenttypes.contenttype", "pk": 8}, {"fields": {"model": "token", "app_label": "authtoken"}, "model": "contenttypes.contenttype", "pk": 9}, {"fields": {"expire_date": "2015-11-24T19:00:29.409Z", "session_data": "ZjY0NTg2ODgxMjBlNzAzZjk2N2EyYTQzZjE1YTdhZGM4MzAwZjc3ZTp7Il9hdXRoX3VzZXJfaGFzaCI6IjQ3NjJkODA1ZmIwYTU3MjViODBmMDhiYmU5MGUxZjQyOWE3YTZmNWQiLCJfYXV0aF91c2VyX2JhY2tlbmQiOiJkamFuZ28uY29udHJpYi5hdXRoLmJhY2tlbmRzLk1vZGVsQmFja2VuZCIsIl9hdXRoX3VzZXJfaWQiOiIzIn0="}, "model": "sessions.session", "pk": "0hycnrd338p1vdj2r7m1l0wfhm5s1382"}, {"fields": {"expire_date": "2015-11-23T13:20:16.850Z", "session_data": "MzhlNjRlYjE3MWFiNDc4ZWUzMmEyNDkyNzExM2JjNGUxZTkzZTZiODp7Il9hdXRoX3VzZXJfaGFzaCI6ImI0MDIzMGE3YmYwMDYzZTA3NzRiNTA2YzQ1MmQwMDkzMWQ5ZDk3MzAiLCJfYXV0aF91c2VyX2JhY2tlbmQiOiJkamFuZ28uY29udHJpYi5hdXRoLmJhY2tlbmRzLk1vZGVsQmFja2VuZCIsIl9hdXRoX3VzZXJfaWQiOiIxIn0="}, "model": "sessions.session", "pk": "7724jvk0gwbxdq6nin98z5bxi3497lcf"}, {"fields": {"expire_date": "2015-11-24T13:53:33.603Z", "session_data": "OTc0MjU0NjBjMjAyNzUwNGViNmIwODE0Zjc5OWEwYjQxYzJiZTg2Zjp7fQ=="}, "model": "sessions.session", "pk": "7re968gxy2d6eeddpjrvotb3mus3zr1m"}, {"fields": {"expire_date": "2015-11-22T15:21:06.698Z", "session_data": "MzhlNjRlYjE3MWFiNDc4ZWUzMmEyNDkyNzExM2JjNGUxZTkzZTZiODp7Il9hdXRoX3VzZXJfaGFzaCI6ImI0MDIzMGE3YmYwMDYzZTA3NzRiNTA2YzQ1MmQwMDkzMWQ5ZDk3MzAiLCJfYXV0aF91c2VyX2JhY2tlbmQiOiJkamFuZ28uY29udHJpYi5hdXRoLmJhY2tlbmRzLk1vZGVsQmFja2VuZCIsIl9hdXRoX3VzZXJfaWQiOiIxIn0="}, "model": "sessions.session", "pk": "hcf29gy6pcy5ucxwl4zvfhxkg0xncy7o"}, {"fields": {"expire_date": "2015-11-25T11:09:04.654Z", "session_data": "MzhlNjRlYjE3MWFiNDc4ZWUzMmEyNDkyNzExM2JjNGUxZTkzZTZiODp7Il9hdXRoX3VzZXJfaGFzaCI6ImI0MDIzMGE3YmYwMDYzZTA3NzRiNTA2YzQ1MmQwMDkzMWQ5ZDk3MzAiLCJfYXV0aF91c2VyX2JhY2tlbmQiOiJkamFuZ28uY29udHJpYi5hdXRoLmJhY2tlbmRzLk1vZGVsQmFja2VuZCIsIl9hdXRoX3VzZXJfaWQiOiIxIn0="}, "model": "sessions.session", "pk": "idp0gc3y6hq1n59l5qwmej7s6lx0md9v"}, {"fields": {"bucketlist": 3, "date_created": "2015-11-08T12:30:36.214Z", "done": false, "name": "one item", "date_modified": "2015-11-08T12:30:36.214Z"}, "model": "bucketlist.bucketlistitems", "pk": 3}, {"fields": {"bucketlist": 3, "date_created": "2015-11-08T12:31:34.817Z", "done": false, "name": "three item", "date_modified": "2015-11-08T12:31:34.817Z"}, "model": "bucketlist.bucketlistitems", "pk": 4}, {"fields": {"bucketlist": 4, "date_created": "2015-11-08T12:34:19.376Z", "done": false, "name": "new item", "date_modified": "2015-11-08T12:34:19.376Z"}, "model": "bucketlist.bucketlistitems", "pk": 5}, {"fields": {"bucketlist": 5, "date_created": "2015-11-08T15:28:22.696Z", "done": false, "name": "three item\r\n", "date_modified": "2015-11-08T15:28:22.696Z"}, "model": "bucketlist.bucketlistitems", "pk": 6}, {"fields": {"bucketlist": 6, "date_created": "2015-11-08T20:03:28.356Z", "done": false, "name": "four item", "date_modified": "2015-11-08T20:03:28.356Z"}, "model": "bucketlist.bucketlistitems", "pk": 7}, {"fields": {"bucketlist": 6, "date_created": "2015-11-08T20:16:01.701Z", "done": true, "name": "five", "date_modified": "2015-11-10T23:03:33.687Z"}, "model": "bucketlist.bucketlistitems", "pk": 8}, {"fields": {"bucketlist": 7, "date_created": "2015-11-08T20:16:24.202Z", "done": false, "name": "five item", "date_modified": "2015-11-08T20:16:24.202Z"}, "model": "bucketlist.bucketlistitems", "pk": 9}, {"fields": {"bucketlist": 8, "date_created": "2015-11-08T20:31:52.837Z", "done": false, "name": "six item", "date_modified": "2015-11-08T20:31:52.837Z"}, "model": "bucketlist.bucketlistitems", "pk": 10}, {"fields": {"bucketlist": 9, "date_created": "2015-11-08T20:32:20.199Z", "done": false, "name": "seven item", "date_modified": "2015-11-08T20:32:20.199Z"}, "model": "bucketlist.bucketlistitems", "pk": 11}, {"fields": {"bucketlist": 10, "date_created": "2015-11-08T20:33:16.669Z", "done": false, "name": "eight item", "date_modified": "2015-11-08T20:33:16.669Z"}, "model": "bucketlist.bucketlistitems", "pk": 12}, {"fields": {"bucketlist": 11, "date_created": "2015-11-08T20:35:33.518Z", "done": false, "name": "nine item", "date_modified": "2015-11-08T20:35:33.518Z"}, "model": "bucketlist.bucketlistitems", "pk": 13}, {"fields": {"bucketlist": 12, "date_created": "2015-11-08T20:36:04.415Z", "done": false, "name": "ten item", "date_modified": "2015-11-08T20:36:04.415Z"}, "model": "bucketlist.bucketlistitems", "pk": 14}, {"fields": {"bucketlist": 13, "date_created": "2015-11-08T20:36:32.663Z", "done": true, "name": "eleven item", "date_modified": "2015-11-09T02:12:05.468Z"}, "model": "bucketlist.bucketlistitems", "pk": 15}, {"fields": {"bucketlist": 16, "date_created": "2015-11-08T20:44:05.302Z", "done": false, "name": "tricks items", "date_modified": "2015-11-08T20:44:05.302Z"}, "model": "bucketlist.bucketlistitems", "pk": 18}, {"fields": {"bucketlist": 17, "date_created": "2015-11-08T20:44:31.521Z", "done": true, "name": "15 item", "date_modified": "2015-11-09T14:50:19.298Z"}, "model": "bucketlist.bucketlistitems", "pk": 19}, {"fields": {"bucketlist": 18, "date_created": "2015-11-08T21:15:42.290Z", "done": true, "name": "16 item", "date_modified": "2015-11-10T10:49:30.972Z"}, "model": "bucketlist.bucketlistitems", "pk": 20}, {"fields": {"bucketlist": 19, "date_created": "2015-11-09T00:23:44.787Z", "done": true, "name": "my name space item", "date_modified": "2015-11-09T14:36:10.940Z"}, "model": "bucketlist.bucketlistitems", "pk": 21}, {"fields": {"bucketlist": 19, "date_created": "2015-11-09T01:36:28.097Z", "done": false, "name": "namespace1", "date_modified": "2015-11-09T01:36:28.097Z"}, "model": "bucketlist.bucketlistitems", "pk": 24}, {"fields": {"bucketlist": 19, "date_created": "2015-11-09T01:36:39.498Z", "done": false, "name": "namespace 2", "date_modified": "2015-11-09T01:36:39.498Z"}, "model": "bucketlist.bucketlistitems", "pk": 25}, {"fields": {"bucketlist": 19, "date_created": "2015-11-09T01:36:52.688Z", "done": false, "name": "namespace 3", "date_modified": "2015-11-09T01:36:52.688Z"}, "model": "bucketlist.bucketlistitems", "pk": 26}, {"fields": {"bucketlist": 19, "date_created": "2015-11-09T01:37:04.367Z", "done": true, "name": "namespace 4", "date_modified": "2015-11-09T02:29:41.649Z"}, "model": "bucketlist.bucketlistitems", "pk": 27}, {"fields": {"bucketlist": 19, "date_created": "2015-11-09T01:37:18.921Z", "done": false, "name": "namespace 5", "date_modified": "2015-11-09T01:37:18.921Z"}, "model": "bucketlist.bucketlistitems", "pk": 28}, {"fields": {"bucketlist": 19, "date_created": "2015-11-09T01:37:33.089Z", "done": true, "name": "namespace 9", "date_modified": "2015-11-09T02:39:23.485Z"}, "model": "bucketlist.bucketlistitems", "pk": 29}, {"fields": {"bucketlist": 19, "date_created": "2015-11-09T01:37:49.316Z", "done": false, "name": "namespace 6", "date_modified": "2015-11-09T01:37:49.316Z"}, "model": "bucketlist.bucketlistitems", "pk": 30}, {"fields": {"bucketlist": 19, "date_created": "2015-11-09T01:38:03.339Z", "done": false, "name": "namespace 7", "date_modified": "2015-11-09T01:38:03.339Z"}, "model": "bucketlist.bucketlistitems", "pk": 31}, {"fields": {"bucketlist": 19, "date_created": "2015-11-09T01:39:31.241Z", "done": false, "name": "namespace alpha", "date_modified": "2015-11-09T01:39:31.242Z"}, "model": "bucketlist.bucketlistitems", "pk": 32}, {"fields": {"bucketlist": 19, "date_created": "2015-11-09T01:39:44.286Z", "done": false, "name": "namespace beta", "date_modified": "2015-11-09T01:39:44.286Z"}, "model": "bucketlist.bucketlistitems", "pk": 33}, {"fields": {"bucketlist": 19, "date_created": "2015-11-09T01:39:53.422Z", "done": false, "name": "namespace gamma", "date_modified": "2015-11-09T01:39:53.422Z"}, "model": "bucketlist.bucketlistitems", "pk": 34}, {"fields": {"bucketlist": 19, "date_created": "2015-11-09T01:40:04.015Z", "done": true, "name": "namespace sigma", "date_modified": "2015-11-10T23:00:49.979Z"}, "model": "bucketlist.bucketlistitems", "pk": 35}, {"fields": {"bucketlist": 20, "date_created": "2015-11-09T11:28:00.656Z", "done": true, "name": "bucket item 1", "date_modified": "2015-11-09T20:55:08.255Z"}, "model": "bucketlist.bucketlistitems", "pk": 36}, {"fields": {"bucketlist": 21, "date_created": "2015-11-09T11:29:01.782Z", "done": true, "name": "bucket 2 item", "date_modified": "2015-11-09T12:35:00.667Z"}, "model": "bucketlist.bucketlistitems", "pk": 37}, {"fields": {"bucketlist": 21, "date_created": "2015-11-09T11:29:21.944Z", "done": true, "name": "bucket item", "date_modified": "2015-11-09T12:34:52.113Z"}, "model": "bucketlist.bucketlistitems", "pk": 38}, {"fields": {"bucketlist": 21, "date_created": "2015-11-09T12:35:28.409Z", "done": true, "name": "item 7", "date_modified": "2015-11-09T12:35:35.350Z"}, "model": "bucketlist.bucketlistitems", "pk": 39}, {"fields": {"bucketlist": 22, "date_created": "2015-11-09T20:40:30.830Z", "done": true, "name": "use login required", "date_modified": "2015-11-09T20:40:45.096Z"}, "model": "bucketlist.bucketlistitems", "pk": 40}, {"fields": {"bucketlist": 23, "date_created": "2015-11-10T09:48:18.602Z", "done": true, "name": "bucket item 1", "date_modified": "2015-11-10T10:09:13.464Z"}, "model": "bucketlist.bucketlistitems", "pk": 41}, {"fields": {"bucketlist": 23, "date_created": "2015-11-10T10:08:12.241Z", "done": true, "name": "Item 2", "date_modified": "2015-11-10T10:08:43.922Z"}, "model": "bucketlist.bucketlistitems", "pk": 42}, {"fields": {"bucketlist": 23, "date_created": "2015-11-10T10:09:35.462Z", "done": true, "name": "item 3", "date_modified": "2015-11-10T19:00:58.711Z"}, "model": "bucketlist.bucketlistitems", "pk": 43}, {"fields": {"bucketlist": 24, "date_created": "2015-11-10T10:11:59.922Z", "done": false, "name": "bucket item 2", "date_modified": "2015-11-10T10:11:59.922Z"}, "model": "bucketlist.bucketlistitems", "pk": 44}, {"fields": {"bucketlist": 22, "date_created": "2015-11-11T08:40:30.391Z", "done": false, "name": "Books to Read", "date_modified": "2015-11-11T08:40:30.392Z"}, "model": "bucketlist.bucketlistitems", "pk": 45}, {"fields": {"bucketlist": 22, "date_created": "2015-11-11T14:06:48.646Z", "done": false, "name": "now watch me", "date_modified": "2015-11-11T14:06:48.646Z"}, "model": "bucketlist.bucketlistitems", "pk": 46}, {"fields": {"bucketlist": 22, "date_created": "2015-11-11T14:43:51.233Z", "done": false, "name": "write test quickly", "date_modified": "2015-11-11T14:43:51.233Z"}, "model": "bucketlist.bucketlistitems", "pk": 47}, {"fields": {"bucketlist": 22, "date_created": "2015-11-11T14:44:59.858Z", "done": false, "name": "Get lunch", "date_modified": "2015-11-11T14:44:59.859Z"}, "model": "bucketlist.bucketlistitems", "pk": 48}, {"fields": {"bucketlist": 22, "date_created": "2015-11-11T19:08:58.042Z", "done": true, "name": "get ready to submit", "date_modified": "2015-11-11T19:09:11.674Z"}, "model": "bucketlist.bucketlistitems", "pk": 49}, {"fields": {"bucketlist": 22, "date_created": "2015-11-11T19:12:21.426Z", "done": false, "name": "nice chat friends", "date_modified": "2015-11-11T19:12:21.426Z"}, "model": "bucketlist.bucketlistitems", "pk": 50}, {"fields": {"bucketlist": 9, "date_created": "2015-11-11T20:24:36.616Z", "done": false, "name": "new item", "date_modified": "2015-11-11T20:24:36.616Z"}, "model": "bucketlist.bucketlistitems", "pk": 51}, {"fields": {"bucketlist": 9, "date_created": "2015-11-11T20:24:53.705Z", "done": false, "name": "another new item", "date_modified": "2015-11-11T20:24:53.705Z"}, "model": "bucketlist.bucketlistitems", "pk": 52}, {"fields": {"codename": "add_logentry", "name": "Can add log entry", "content_type": 1}, "model": "auth.permission", "pk": 1}, {"fields": {"codename": "change_logentry", "name": "Can change log entry", "content_type": 1}, "model": "auth.permission", "pk": 2}, {"fields": {"codename": "delete_logentry", "name": "Can delete log entry", "content_type": 1}, "model": "auth.permission", "pk": 3}, {"fields": {"codename": "add_permission", "name": "Can add permission", "content_type": 2}, "model": "auth.permission", "pk": 4}, {"fields": {"codename": "change_permission", "name": "Can change permission", "content_type": 2}, "model": "auth.permission", "pk": 5}, {"fields": {"codename": "delete_permission", "name": "Can delete permission", "content_type": 2}, "model": "auth.permission", "pk": 6}, {"fields": {"codename": "add_group", "name": "Can add group", "content_type": 3}, "model": "auth.permission", "pk": 7}, {"fields": {"codename": "change_group", "name": "Can change group", "content_type": 3}, "model": "auth.permission", "pk": 8}, {"fields": {"codename": "delete_group", "name": "Can delete group", "content_type": 3}, "model": "auth.permission", "pk": 9}, {"fields": {"codename": "add_user", "name": "Can add user", "content_type": 4}, "model": "auth.permission", "pk": 10}, {"fields": {"codename": "change_user", "name": "Can change user", "content_type": 4}, "model": "auth.permission", "pk": 11}, {"fields": {"codename": "delete_user", "name": "Can delete user", "content_type": 4}, "model": "auth.permission", "pk": 12}, {"fields": {"codename": "add_contenttype", "name": "Can add content type", "content_type": 5}, "model": "auth.permission", "pk": 13}, {"fields": {"codename": "change_contenttype", "name": "Can change content type", "content_type": 5}, "model": "auth.permission", "pk": 14}, {"fields": {"codename": "delete_contenttype", "name": "Can delete content type", "content_type": 5}, "model": "auth.permission", "pk": 15}, {"fields": {"codename": "add_session", "name": "Can add session", "content_type": 6}, "model": "auth.permission", "pk": 16}, {"fields": {"codename": "change_session", "name": "Can change session", "content_type": 6}, "model": "auth.permission", "pk": 17}, {"fields": {"codename": "delete_session", "name": "Can delete session", "content_type": 6}, "model": "auth.permission", "pk": 18}, {"fields": {"codename": "add_bucketlist", "name": "Can add bucketlist", "content_type": 7}, "model": "auth.permission", "pk": 19}, {"fields": {"codename": "change_bucketlist", "name": "Can change bucketlist", "content_type": 7}, "model": "auth.permission", "pk": 20}, {"fields": {"codename": "delete_bucketlist", "name": "Can delete bucketlist", "content_type": 7}, "model": "auth.permission", "pk": 21}, {"fields": {"codename": "add_bucketlistitems", "name": "Can add bucketlist items", "content_type": 8}, "model": "auth.permission", "pk": 22}, {"fields": {"codename": "change_bucketlistitems", "name": "Can change bucketlist items", "content_type": 8}, "model": "auth.permission", "pk": 23}, {"fields": {"codename": "delete_bucketlistitems", "name": "Can delete bucketlist items", "content_type": 8}, "model": "auth.permission", "pk": 24}, {"fields": {"codename": "add_token", "name": "Can add token", "content_type": 9}, "model": "auth.permission", "pk": 25}, {"fields": {"codename": "change_token", "name": "Can change token", "content_type": 9}, "model": "auth.permission", "pk": 26}, {"fields": {"codename": "delete_token", "name": "Can delete token", "content_type": 9}, "model": "auth.permission", "pk": 27}, {"fields": {"username": "samuel", "first_name": "", "last_name": "", "is_active": true, "is_superuser": false, "is_staff": false, "last_login": "2015-11-11T21:38:00.425Z", "groups": [], "user_permissions": [], "password": "pbkdf2_sha256$20000$MnAj4Y3zd6v6$vWj+WRGKBwfO52Q4zSBKpgE/5K7/8pBXtzVeK7oxS+Q=", "email": "samuel.james@andela.com", "date_joined": "2015-11-08T12:20:54.901Z"}, "model": "auth.user", "pk": 1}, {"fields": {"username": "james", "first_name": "", "last_name": "", "is_active": true, "is_superuser": false, "is_staff": false, "last_login": "2015-11-09T20:54:44.756Z", "groups": [], "user_permissions": [], "password": "pbkdf2_sha256$20000$PsIwF8EUJnNh$UcmRwnV1Jhzs5SN27cKepz4JBM6ftLzqrvPdyLTB0l0=", "email": "shandon2k2@yahoo.co.uk", "date_joined": "2015-11-09T11:26:50.919Z"}, "model": "auth.user", "pk": 2}, {"fields": {"username": "andelasjames", "first_name": "", "last_name": "", "is_active": true, "is_superuser": true, "is_staff": true, "last_login": "2015-11-11T11:08:34.986Z", "groups": [], "user_permissions": [], "password": "pbkdf2_sha256$20000$YBFSIwfwpnc5$BEc0pgRPq1Ty7Yd/WaC02mVFq3BWh2MLcKfDGqKG7tY=", "email": "samuelvarejames@gmail.com", "date_joined": "2015-11-10T09:24:01.450Z"}, "model": "auth.user", "pk": 3}, {"fields": {"username": "samandela", "first_name": "", "last_name": "", "is_active": true, "is_superuser": false, "is_staff": false, "last_login": null, "groups": [], "user_permissions": [], "password": "pbkdf2_sha256$20000$iw7wRPxz5mTs$sgzJ5mXIBSOsOk21LSpQC4q6wWQojM5koR/LLkNWd14=", "email": "sam@andela.com", "date_joined": "2015-11-11T20:07:10.480Z"}, "model": "auth.user", "pk": 4}, {"fields": {"date_created": "2015-11-08T12:30:36.206Z", "user": 1, "name": "one", "created_by": "samuel", "date_modified": "2015-11-08T12:30:36.206Z"}, "model": "bucketlist.bucketlist", "pk": 3}, {"fields": {"date_created": "2015-11-08T12:34:19.361Z", "user": 1, "name": "new", "created_by": "samuel", "date_modified": "2015-11-08T12:34:19.361Z"}, "model": "bucketlist.bucketlist", "pk": 4}, {"fields": {"date_created": "2015-11-08T15:28:22.603Z", "user": 1, "name": "three", "created_by": "samuel", "date_modified": "2015-11-08T15:28:22.603Z"}, "model": "bucketlist.bucketlist", "pk": 5}, {"fields": {"date_created": "2015-11-08T20:03:28.321Z", "user": 1, "name": "four", "created_by": "samuel", "date_modified": "2015-11-08T20:03:28.321Z"}, "model": "bucketlist.bucketlist", "pk": 6}, {"fields": {"date_created": "2015-11-08T20:16:24.174Z", "user": 1, "name": "five", "created_by": "samuel", "date_modified": "2015-11-08T20:16:24.174Z"}, "model": "bucketlist.bucketlist", "pk": 7}, {"fields": {"date_created": "2015-11-08T20:31:52.809Z", "user": 1, "name": "six", "created_by": "samuel", "date_modified": "2015-11-08T20:31:52.809Z"}, "model": "bucketlist.bucketlist", "pk": 8}, {"fields": {"date_created": "2015-11-08T20:32:20.168Z", "user": 1, "name": "seven", "created_by": "samuel", "date_modified": "2015-11-08T20:32:20.168Z"}, "model": "bucketlist.bucketlist", "pk": 9}, {"fields": {"date_created": "2015-11-08T20:33:16.547Z", "user": 1, "name": "eight ", "created_by": "samuel", "date_modified": "2015-11-08T20:33:16.547Z"}, "model": "bucketlist.bucketlist", "pk": 10}, {"fields": {"date_created": "2015-11-08T20:35:33.458Z", "user": 1, "name": "nine", "created_by": "samuel", "date_modified": "2015-11-08T20:35:33.458Z"}, "model": "bucketlist.bucketlist", "pk": 11}, {"fields": {"date_created": "2015-11-08T20:36:04.380Z", "user": 1, "name": "ten", "created_by": "samuel", "date_modified": "2015-11-08T20:36:04.380Z"}, "model": "bucketlist.bucketlist", "pk": 12}, {"fields": {"date_created": "2015-11-08T20:36:32.523Z", "user": 1, "name": "eleven", "created_by": "samuel", "date_modified": "2015-11-08T20:36:32.523Z"}, "model": "bucketlist.bucketlist", "pk": 13}, {"fields": {"date_created": "2015-11-08T20:38:11.686Z", "user": 1, "name": "twelve", "created_by": "samuel", "date_modified": "2015-11-08T20:38:11.686Z"}, "model": "bucketlist.bucketlist", "pk": 14}, {"fields": {"date_created": "2015-11-08T20:44:05.270Z", "user": 1, "name": "14 tricks", "created_by": "samuel", "date_modified": "2015-11-08T20:44:05.270Z"}, "model": "bucketlist.bucketlist", "pk": 16}, {"fields": {"date_created": "2015-11-08T20:44:31.481Z", "user": 1, "name": "15 title", "created_by": "samuel", "date_modified": "2015-11-08T20:44:31.481Z"}, "model": "bucketlist.bucketlist", "pk": 17}, {"fields": {"date_created": "2015-11-08T21:15:42.186Z", "user": 1, "name": "16 title", "created_by": "samuel", "date_modified": "2015-11-08T21:15:42.186Z"}, "model": "bucketlist.bucketlist", "pk": 18}, {"fields": {"date_created": "2015-11-09T00:23:44.742Z", "user": 1, "name": "namespace", "created_by": "samuel", "date_modified": "2015-11-09T00:23:44.742Z"}, "model": "bucketlist.bucketlist", "pk": 19}, {"fields": {"date_created": "2015-11-09T11:28:00.630Z", "user": 2, "name": "Bucket 1", "created_by": "james", "date_modified": "2015-11-09T11:28:00.630Z"}, "model": "bucketlist.bucketlist", "pk": 20}, {"fields": {"date_created": "2015-11-09T11:29:01.751Z", "user": 2, "name": "Bucket 2", "created_by": "james", "date_modified": "2015-11-09T11:29:01.751Z"}, "model": "bucketlist.bucketlist", "pk": 21}, {"fields": {"date_created": "2015-11-09T20:40:30.795Z", "user": 1, "name": "edit this one", "created_by": "samuel", "date_modified": "2015-11-11T13:50:15.013Z"}, "model": "bucketlist.bucketlist", "pk": 22}, {"fields": {"date_created": "2015-11-10T09:48:18.562Z", "user": 3, "name": "bucket 1", "created_by": "andelasjames", "date_modified": "2015-11-10T09:48:18.562Z"}, "model": "bucketlist.bucketlist", "pk": 23}, {"fields": {"date_created": "2015-11-10T10:11:59.833Z", "user": 3, "name": "bucket 2", "created_by": "andelasjames", "date_modified": "2015-11-10T10:11:59.833Z"}, "model": "bucketlist.bucketlist", "pk": 24}]